2023-01-25T00:00:00Z,00,1
2023-01-25T00:00:00Z,01,1
2023-01-25T00:00:00Z,02,1
2023-01-25T00:00:00Z,03,1
2023-01-25T00:00:00Z,04,1
2023-01-25T00:00:00Z,05,1
2023-01-25T00:00:00Z,06,1
2023-01-25T00:00:00Z,07,1
2023-01-25T00:00:00Z,08,1
2023-01-25T00:00:00Z,09,1
2023-01-25T00:00:00Z,10,1
2023-01-25T00:00:00Z,11,1
2023-01-25T00:00:00Z,12,1
2023-01-25T00:00:00Z,13,1
2023-01-25T00:00:00Z,14,1
2023-01-25T00:00:00Z,15,1
2023-01-25T00:00:00Z,16,1
2023-01-25T00:00:00Z,17,1
2023-01-25T00:00:00Z,18,1
2023-01-25T00:00:00Z,19,1
2023-01-25T00:00:00Z,20,1
2023-01-25T00:00:00Z,21,1
2023-01-25T00:00:00Z,22,1
2023-01-25T00:00:00Z,23,1
2023-01-26T00:00:00Z,00,1
2023-01-26T00:00:00Z,01,1
2023-01-26T00:00:00Z,02,1
2023-01-26T00:00:00Z,03,1
2023-01-26T00:00:00Z,04,1
2023-01-26T00:00:00Z,05,1
2023-01-26T00:00:00Z,06,1
2023-01-26T00:00:00Z,07,1
2023-01-26T00:00:00Z,08,1
2023-01-26T00:00:00Z,09,1
2023-01-26T00:00:00Z,10,1
2023-01-26T00:00:00Z,11,1
2023-01-26T00:00:00Z,12,1
2023-01-26T00:00:00Z,13,1
2023-01-26T00:00:00Z,14,1
2023-01-26T00:00:00Z,15,1
2023-01-26T00:00:00Z,16,1
2023-01-26T00:00:00Z,17,1
2023-01-26T00:00:00Z,18,1
2023-01-26T00:00:00Z,19,1
2023-01-26T00:00:00Z,20,1
2023-01-26T00:00:00Z,21,1
2023-01-26T00:00:00Z,22,1
2023-01-26T00:00:00Z,23,1
2023-01-27T00:00:00Z,00,1
2023-01-27T00:00:00Z,01,1
2023-01-27T00:00:00Z,02,1
2023-01-27T00:00:00Z,03,1
2023-01-27T00:00:00Z,04,1
2023-01-27T00:00:00Z,05,1
2023-01-27T00:00:00Z,06,1
2023-01-27T00:00:00Z,07,1
2023-01-27T00:00:00Z,08,1
2023-01-27T00:00:00Z,09,1
2023-01-27T00:00:00Z,10,1
2023-01-27T00:00:00Z,11,1
2023-01-27T00:00:00Z,12,1
2023-01-27T00:00:00Z,13,1
2023-01-27T00:00:00Z,14,1
2023-01-27T00:00:00Z,15,1
2023-01-27T00:00:00Z,16,1
2023-01-27T00:00:00Z,17,1
2023-01-27T00:00:00Z,18,1
2023-01-27T00:00:00Z,19,1
2023-01-27T00:00:00Z,20,1
2023-01-27T00:00:00Z,21,1
2023-01-27T00:00:00Z,22,1
2023-01-27T00:00:00Z,23,1
2023-01-28T00:00:00Z,00,1
2023-01-28T00:00:00Z,01,1
2023-01-28T00:00:00Z,02,1
2023-01-28T00:00:00Z,03,1
2023-01-28T00:00:00Z,04,1
2023-01-28T00:00:00Z,05,1
2023-01-28T00:00:00Z,06,1
2023-01-28T00:00:00Z,07,1
2023-01-28T00:00:00Z,08,1
2023-01-28T00:00:00Z,09,1
2023-01-28T00:00:00Z,10,1
2023-01-28T00:00:00Z,11,1
2023-01-28T00:00:00Z,12,1
2023-01-28T00:00:00Z,13,1
2023-01-28T00:00:00Z,14,1
2023-01-28T00:00:00Z,15,1
2023-01-28T00:00:00Z,16,1
2023-01-28T00:00:00Z,17,1
2023-01-28T00:00:00Z,18,1
2023-01-28T00:00:00Z,19,1
2023-01-28T00:00:00Z,20,1
2023-01-28T00:00:00Z,21,1
2023-01-28T00:00:00Z,22,1
2023-01-28T00:00:00Z,23,1
